frame_id,left_detected,right_detected,left_conf,right_conf,lat_offset_m,latency_ms
0,1,1,1.0,1.0,-0.7344,50.05
1,1,1,1.0,1.0,-0.8108,70.43
2,1,1,1.0,1.0,-0.8436,81.54
3,1,1,1.0,1.0,-0.8556,81.76
4,1,1,1.0,1.0,-0.7239,72.63
5,1,1,1.0,1.0,-0.8445,81.77
6,1,1,1.0,1.0,-0.8405,74.48
7,1,1,1.0,1.0,-0.8471,69.83
8,1,1,1.0,1.0,-0.8148,95.23
9,1,1,1.0,1.0,-0.9322,77.53
10,1,1,1.0,1.0,-0.8999,79.96
11,1,1,1.0,1.0,-0.7574,76.48
12,1,1,1.0,1.0,-0.77,78.79
13,1,1,1.0,1.0,-0.8585,72.99
14,1,1,1.0,1.0,-0.8492,82.83
15,1,1,1.0,1.0,-0.8635,70.58
16,1,1,1.0,1.0,-0.8448,79.0
17,1,1,1.0,1.0,-0.8424,92.08
18,1,1,1.0,1.0,-0.8544,73.46
19,1,1,1.0,1.0,-0.8605,82.41
20,1,1,1.0,1.0,-0.8633,81.04
21,1,1,1.0,1.0,-0.8622,78.43
22,1,1,1.0,1.0,-0.8648,79.23
23,1,1,1.0,1.0,-0.8761,75.12
24,1,1,1.0,1.0,-0.8548,84.1
25,1,1,1.0,1.0,-0.8863,79.89
26,1,1,1.0,1.0,-0.8559,86.71
27,1,1,1.0,1.0,-0.8529,73.03
28,1,1,1.0,1.0,-0.8465,86.9
29,1,1,1.0,1.0,-0.8443,75.41
30,1,1,1.0,1.0,-0.8645,76.41
31,1,1,1.0,1.0,-0.8557,71.06
32,1,1,1.0,1.0,-0.8592,91.91
33,1,1,1.0,1.0,-0.8612,83.35
34,1,1,1.0,1.0,-0.8716,95.95
35,1,1,1.0,1.0,-0.8388,80.23
36,1,1,1.0,1.0,-0.8913,80.55
37,1,1,1.0,1.0,-0.8717,83.73
38,1,1,1.0,1.0,-0.8989,83.18
39,1,1,1.0,1.0,-0.8728,73.66
40,1,1,1.0,1.0,-0.8471,74.94
41,1,1,1.0,1.0,-0.8595,80.98
42,1,1,1.0,1.0,-0.832,73.94
43,1,1,1.0,1.0,-0.8718,79.62
44,1,1,1.0,1.0,-0.8225,68.14
45,1,1,1.0,1.0,-0.8551,79.89
46,1,1,1.0,1.0,-0.8682,72.01
47,1,1,1.0,1.0,-0.8655,76.16
48,1,1,1.0,1.0,-0.8934,78.32
49,1,1,1.0,1.0,-0.8873,159.1
50,1,1,1.0,1.0,-0.8791,93.12
51,1,1,1.0,1.0,-0.8203,85.85
52,1,1,1.0,1.0,-0.8643,74.91
53,1,1,1.0,1.0,-0.8571,75.05
54,1,1,1.0,1.0,-0.8581,70.06
55,1,1,1.0,1.0,-0.8612,75.2
56,1,1,1.0,1.0,-0.8557,70.24
57,1,1,1.0,1.0,-0.8635,78.13
58,1,1,1.0,1.0,-0.8475,76.01
59,1,1,1.0,1.0,-0.8547,78.28
60,1,1,1.0,1.0,-0.8591,73.48
61,1,1,1.0,1.0,-0.8694,85.32
62,1,1,1.0,1.0,-0.8617,66.21
63,1,1,1.0,1.0,-0.8773,85.3
64,1,1,1.0,1.0,-0.9024,81.14
65,1,1,1.0,1.0,-0.8374,74.39
66,1,1,1.0,1.0,-0.8628,74.02
67,1,1,1.0,1.0,-0.8624,89.11
68,1,1,1.0,1.0,-0.87,78.24
69,1,1,1.0,1.0,-0.8492,88.54
70,1,1,1.0,1.0,-0.8573,71.22
71,1,1,1.0,1.0,-0.8407,97.43
72,1,1,1.0,1.0,-0.8649,82.41
73,1,1,1.0,1.0,-0.8273,76.05
74,1,1,1.0,1.0,-0.8457,81.89
75,1,1,1.0,1.0,-0.8666,87.32
76,1,1,1.0,1.0,-0.7923,80.56
77,1,1,1.0,1.0,-0.805,85.32
78,1,1,1.0,1.0,-0.8951,84.4
79,1,1,1.0,1.0,-0.8762,68.47
80,1,1,1.0,1.0,-0.8537,78.25
81,1,1,1.0,1.0,-0.8515,75.27
82,1,1,1.0,1.0,-0.8348,83.49
83,1,1,1.0,1.0,-0.8613,76.08
84,1,1,1.0,1.0,-0.8415,83.81
85,1,1,1.0,1.0,-0.8453,71.64
86,1,1,1.0,1.0,-0.8269,87.76
87,1,1,1.0,1.0,-0.8473,83.17
88,1,1,1.0,1.0,-0.8483,86.47
89,1,1,1.0,1.0,-0.8643,81.35
90,1,1,1.0,1.0,-0.8109,71.94
91,1,1,1.0,1.0,-0.8664,77.57
92,1,1,1.0,1.0,-0.8604,78.66
93,1,1,1.0,1.0,-0.8286,80.67
94,1,1,1.0,1.0,-0.8878,80.78
95,1,1,1.0,1.0,-0.8749,66.46
96,1,1,1.0,1.0,-0.8749,78.78
97,1,1,1.0,1.0,-0.8889,74.81
98,1,1,1.0,1.0,-0.8935,80.9
99,1,1,1.0,1.0,-0.8958,81.44
100,1,1,1.0,1.0,-0.9012,73.73
101,1,1,1.0,1.0,-0.9038,70.36
102,1,1,1.0,1.0,-0.9098,76.58
103,1,1,1.0,1.0,-0.9208,77.93
104,1,1,1.0,1.0,-0.9819,73.06
105,1,1,1.0,1.0,-0.9405,82.99
106,1,1,1.0,1.0,-0.9281,78.32
107,1,1,1.0,1.0,-0.9183,88.48
108,1,1,1.0,1.0,-0.9527,78.57
109,1,1,1.0,1.0,-0.904,78.87
110,1,1,1.0,1.0,-0.9109,103.57
111,1,1,1.0,1.0,-0.9162,75.54
112,1,1,1.0,1.0,-0.9173,83.42
113,1,1,1.0,1.0,-0.9124,82.52
114,1,1,1.0,1.0,-0.9201,82.75
115,1,1,1.0,1.0,-0.9211,81.44
116,1,1,1.0,1.0,-0.9386,86.87
117,1,1,1.0,1.0,-0.94,77.13
118,1,1,1.0,1.0,-1.0037,81.24
119,1,1,1.0,1.0,-0.8407,83.17
120,1,1,1.0,1.0,-0.9095,75.29
121,1,1,1.0,1.0,-0.8975,79.33
122,1,1,1.0,1.0,-0.9396,78.07
123,1,1,1.0,1.0,-0.9007,78.83
124,1,1,1.0,1.0,-0.9236,78.39
125,1,1,1.0,1.0,-0.949,79.76
126,1,1,1.0,1.0,-0.9473,75.68
127,1,1,1.0,1.0,-0.9409,75.93
128,1,1,1.0,1.0,-0.9402,71.43
129,1,1,1.0,1.0,-0.9461,87.41
130,1,1,1.0,1.0,-0.9486,78.39
131,1,1,1.0,1.0,-0.9434,77.28
132,1,1,1.0,1.0,-0.9581,77.43
133,1,1,1.0,1.0,-0.9038,79.55
134,1,1,1.0,1.0,-0.9422,82.91
135,1,1,1.0,1.0,-0.9406,84.63
136,1,1,1.0,1.0,-0.9411,100.87
137,1,1,1.0,1.0,-0.9409,75.73
138,1,1,1.0,1.0,-0.9351,90.11
139,1,1,1.0,1.0,-0.9508,83.5
140,1,1,1.0,1.0,-0.951,75.3
141,1,1,1.0,1.0,-0.9554,75.73
142,1,1,1.0,1.0,-0.9557,70.89
143,1,1,1.0,1.0,-0.9475,66.64
144,1,1,1.0,1.0,-0.9616,94.61
145,1,1,1.0,1.0,-0.9327,71.34
146,1,1,1.0,1.0,-1.0288,84.39
147,1,1,1.0,1.0,-1.0307,83.02
148,1,1,1.0,1.0,-1.0049,76.69
149,1,1,1.0,1.0,-0.9723,78.59
150,1,1,1.0,1.0,-0.9552,84.66
151,1,1,1.0,1.0,-0.9335,63.94
152,1,1,1.0,1.0,-0.9349,66.47
153,1,1,1.0,1.0,-0.9298,90.91
154,1,1,1.0,1.0,-0.9207,72.89
155,1,1,1.0,1.0,-0.9159,77.01
156,1,1,1.0,1.0,-0.9154,80.01
157,1,1,1.0,1.0,-0.8755,84.7
158,1,1,1.0,1.0,-0.9073,111.39
159,1,1,1.0,1.0,-0.8797,87.79
160,1,1,1.0,1.0,-0.922,107.71
161,1,1,1.0,1.0,-0.9248,89.49
162,1,1,1.0,1.0,-0.8033,102.97
163,1,1,1.0,1.0,-0.9069,86.92
164,1,1,1.0,1.0,-0.873,84.45
165,1,1,1.0,1.0,-0.8438,102.3
166,1,1,1.0,1.0,-0.8631,76.58
167,1,1,1.0,1.0,-0.8008,97.46
168,1,1,1.0,1.0,-0.8018,75.34
169,1,1,1.0,1.0,-0.7958,79.46
170,1,1,1.0,1.0,-0.8243,78.0
171,1,1,1.0,1.0,-0.8161,91.32
172,1,1,1.0,1.0,-0.7455,84.24
173,1,1,1.0,1.0,-0.6913,93.93
174,1,1,1.0,1.0,-0.775,77.86
175,1,1,1.0,1.0,-0.6844,92.28
176,1,1,1.0,1.0,-0.7343,71.24
177,1,1,1.0,1.0,-0.7372,80.32
178,1,1,1.0,1.0,-0.7365,81.75
179,1,1,1.0,1.0,-0.7061,77.97
180,1,1,1.0,1.0,-0.5967,75.87
181,1,1,1.0,1.0,-0.6105,81.0
182,1,1,1.0,1.0,-0.7378,82.66
183,1,1,1.0,1.0,-0.6993,83.85
184,1,1,1.0,1.0,-0.8206,88.99
185,1,1,1.0,1.0,-0.7841,89.04
186,1,1,1.0,1.0,-0.696,75.18
187,1,1,1.0,1.0,-0.7174,79.15
188,1,1,1.0,1.0,-0.6786,74.86
189,1,1,1.0,1.0,-0.7268,76.16
190,1,1,1.0,1.0,-0.6922,80.56
191,1,1,1.0,1.0,-0.6716,87.6
192,1,1,1.0,1.0,-0.6188,63.75
193,1,1,1.0,1.0,-0.6821,73.01
194,1,1,1.0,1.0,-0.6764,70.49
195,1,1,1.0,1.0,-0.6447,80.21
196,1,1,1.0,1.0,-0.6989,77.68
197,1,1,1.0,1.0,-0.541,92.29
198,1,1,1.0,1.0,-0.564,78.5
199,1,1,1.0,1.0,-0.5743,89.62
200,1,1,1.0,1.0,-0.6962,79.36
201,1,1,1.0,1.0,-0.5869,76.61
202,1,1,1.0,1.0,-0.6142,76.6
203,1,1,1.0,1.0,-0.6035,74.95
204,1,1,1.0,1.0,-0.64,77.83
205,1,1,1.0,1.0,-0.6634,79.45
206,1,1,1.0,1.0,-0.6237,80.33
207,1,1,1.0,1.0,-0.6551,84.2
208,1,1,1.0,1.0,-0.6612,77.01
209,1,1,1.0,1.0,-0.645,83.53
210,0,1,0.0,1.0,,71.61
211,0,1,0.0,1.0,,76.26
212,1,1,1.0,1.0,-0.7376,85.42
213,1,1,1.0,1.0,-0.5856,78.43
214,1,1,1.0,1.0,-0.667,69.94
215,1,1,1.0,1.0,-0.5529,77.4
216,1,1,1.0,1.0,-0.6021,82.62
217,1,1,1.0,1.0,-0.6813,74.51
218,1,1,1.0,1.0,-0.6838,73.63
219,1,1,1.0,1.0,-0.6332,76.6
220,1,1,1.0,1.0,-0.6707,74.37
221,1,1,1.0,1.0,-0.6557,76.6
222,1,1,1.0,1.0,-0.6399,77.93
223,1,1,1.0,1.0,-0.6666,80.48
224,1,1,1.0,1.0,-0.7563,83.74
225,1,1,1.0,1.0,-0.7391,86.53
226,1,1,1.0,1.0,-0.6637,98.45
227,1,1,1.0,1.0,-0.5159,66.96
228,1,1,1.0,1.0,-0.6289,68.37
229,1,1,1.0,1.0,-0.6028,73.5
230,1,1,1.0,1.0,-0.6595,73.72
231,1,1,1.0,1.0,-0.6415,80.45
232,1,1,1.0,1.0,-0.6538,75.01
233,1,1,1.0,1.0,-0.6825,77.07
234,1,1,1.0,1.0,-0.6189,71.87
235,1,1,1.0,1.0,-0.654,87.56
236,1,1,1.0,1.0,-0.726,80.75
237,0,1,0.016,1.0,6.5384,68.67
238,1,1,1.0,1.0,-0.5378,84.03
239,1,1,1.0,1.0,-0.4927,73.51
240,1,1,1.0,1.0,-0.6794,70.08
241,1,1,1.0,1.0,-0.6421,76.18
242,1,1,1.0,1.0,-0.6366,72.29
243,1,1,1.0,1.0,-0.6385,72.17
244,1,1,1.0,1.0,-0.6412,70.48
245,1,1,1.0,1.0,-0.6325,69.78
246,1,1,1.0,1.0,-0.6106,66.36
247,1,1,1.0,1.0,-0.6363,67.63
248,1,1,1.0,1.0,-0.613,69.43
249,1,1,1.0,1.0,-0.6432,80.84
250,1,1,1.0,1.0,-0.6734,73.18
251,0,1,0.0,1.0,,69.45
252,1,1,1.0,1.0,-0.5808,81.84
253,1,1,1.0,1.0,-0.7169,88.66
254,1,1,1.0,1.0,-0.68,73.79
255,1,1,1.0,1.0,-0.6146,88.34
256,1,1,1.0,1.0,-0.6272,70.65
257,1,1,1.0,1.0,-0.6537,77.54
258,1,1,1.0,1.0,-0.6492,79.52
259,1,1,1.0,1.0,-0.574,77.2
260,1,1,1.0,1.0,-0.5349,68.83
261,1,1,1.0,1.0,-0.6728,74.19
262,1,1,1.0,1.0,-0.6349,70.56
263,1,1,1.0,1.0,-0.4665,83.1
264,0,1,0.0,1.0,,61.73
265,0,1,0.0,1.0,,68.45
266,1,1,1.0,1.0,-0.8228,72.7
267,1,1,1.0,1.0,-0.6824,78.55
268,1,1,1.0,1.0,-0.5608,80.46
269,1,1,1.0,1.0,-0.5693,81.52
270,1,1,1.0,1.0,-0.3949,85.48
271,1,1,1.0,1.0,-0.4699,72.27
272,1,1,1.0,1.0,-0.6073,71.87
273,1,1,1.0,1.0,-0.5977,77.6
274,1,1,1.0,1.0,-0.6315,88.66
275,1,1,1.0,1.0,-0.5792,83.86
276,1,1,1.0,1.0,-0.628,98.91
277,0,1,0.0,1.0,,68.38
278,0,1,0.0,1.0,,65.91
279,0,1,0.0,1.0,,68.4
280,1,1,1.0,1.0,-0.6848,73.93
281,1,1,1.0,1.0,-0.5774,85.37
282,1,1,1.0,1.0,-0.6335,73.85
283,1,1,1.0,1.0,-0.5289,75.78
284,1,1,1.0,1.0,-0.5412,74.38
285,1,1,1.0,1.0,-0.5747,74.79
286,1,1,1.0,1.0,-0.6024,79.07
287,1,1,1.0,1.0,-0.5927,88.29
288,1,1,1.0,1.0,-0.5871,71.3
289,1,1,1.0,1.0,-0.5747,86.0
290,1,1,1.0,1.0,-0.7996,82.36
291,0,1,0.0,1.0,,76.06
292,0,1,0.0,1.0,,64.14
293,1,1,1.0,1.0,-0.4141,91.76
294,1,1,1.0,1.0,-0.5381,90.14
295,1,1,1.0,1.0,-0.5079,82.99
296,1,1,1.0,1.0,-0.5292,81.91
297,1,1,1.0,1.0,-0.5114,77.77
298,1,1,1.0,1.0,-0.563,75.68
299,1,1,1.0,1.0,-0.5271,80.45
300,1,1,1.0,1.0,-0.5619,70.07
301,1,1,1.0,1.0,-0.5666,76.58
302,1,1,1.0,1.0,-0.5412,74.86
303,1,1,1.0,1.0,-0.5551,99.86
304,1,1,1.0,1.0,-0.6954,76.58
305,0,1,0.0,1.0,,66.54
306,1,1,1.0,1.0,-0.7448,90.21
307,1,1,1.0,1.0,-0.6221,102.94
308,1,1,1.0,1.0,-0.5704,76.43
309,1,1,1.0,1.0,-0.5418,84.29
310,1,1,1.0,1.0,-0.5571,88.69
311,1,1,1.0,1.0,-0.6335,72.67
312,1,1,1.0,1.0,-0.6243,74.76
313,1,1,1.0,1.0,-0.5904,77.37
314,1,1,1.0,1.0,-0.4983,72.59
315,1,1,1.0,1.0,-0.5742,81.92
316,1,1,1.0,1.0,-0.5402,101.92
317,1,1,1.0,1.0,-0.6035,71.14
318,0,1,0.0,1.0,,80.49
319,0,1,0.0,1.0,,84.54
320,1,1,1.0,1.0,-0.677,65.7
321,1,1,1.0,1.0,-0.5982,74.32
322,1,1,1.0,1.0,-0.5391,74.06
323,1,1,1.0,1.0,-0.5673,79.37
324,1,1,1.0,1.0,-0.6187,85.94
325,1,1,1.0,1.0,-0.535,102.61
326,1,1,1.0,1.0,-0.6268,84.57
327,1,1,1.0,1.0,-0.6338,80.29
328,1,1,1.0,1.0,-0.6272,70.24
329,1,1,1.0,1.0,-0.6454,80.03
330,1,1,1.0,1.0,-0.6443,76.96
331,1,1,1.0,1.0,-0.6646,87.69
332,0,1,0.0,1.0,,68.96
333,1,1,1.0,1.0,-0.7469,84.16
334,1,1,1.0,1.0,-0.7013,90.93
335,1,1,1.0,1.0,-0.5612,84.86
336,1,1,1.0,1.0,-0.5981,83.08
337,1,1,1.0,1.0,-0.6219,84.78
338,1,1,1.0,1.0,-0.6268,79.29
339,1,1,1.0,1.0,-0.5729,81.27
340,1,1,1.0,1.0,-0.6124,88.82
341,1,1,1.0,1.0,-0.5644,89.31
342,1,1,1.0,1.0,-0.618,70.54
343,1,1,1.0,1.0,-0.6318,80.23
344,1,1,1.0,1.0,-0.6113,95.04
345,0,1,0.0,1.0,,66.64
346,1,1,1.0,1.0,-0.5348,102.93
347,1,1,1.0,1.0,-0.5606,87.28
348,1,1,1.0,1.0,-0.543,77.04
349,1,1,1.0,1.0,-0.5298,80.45
350,1,1,1.0,1.0,-0.5689,74.81
351,1,1,1.0,1.0,-0.5998,77.98
352,1,1,1.0,1.0,-0.5918,69.71
353,1,1,1.0,1.0,-0.6285,73.75
354,1,1,1.0,1.0,-0.6189,67.85
355,1,1,1.0,1.0,-0.6262,78.91
356,1,1,1.0,1.0,-0.5942,80.6
357,1,1,1.0,1.0,-0.626,82.77
358,0,1,0.0,1.0,,64.99
359,1,1,1.0,1.0,-0.6448,84.63
360,1,1,1.0,1.0,-0.5885,85.18
361,1,1,1.0,1.0,-0.5637,82.95
362,1,1,1.0,1.0,-0.6441,82.01
363,1,1,1.0,1.0,-0.5734,84.78
364,1,1,1.0,1.0,-0.6895,78.0
365,1,1,1.0,1.0,-0.6692,82.86
366,1,1,1.0,1.0,-0.6515,87.96
367,1,1,1.0,1.0,-0.6452,77.6
368,1,1,1.0,1.0,-0.6623,70.12
369,1,1,1.0,1.0,-0.6499,88.43
370,1,1,1.0,1.0,-0.6469,83.35
371,1,1,1.0,1.0,-0.7008,79.48
372,0,1,0.0,1.0,,63.67
373,1,1,1.0,1.0,-0.6484,86.16
374,1,1,1.0,1.0,-0.6616,56.77
375,1,1,1.0,1.0,-0.7914,75.87
376,1,1,1.0,1.0,-0.6808,76.65
377,1,1,1.0,1.0,-0.6443,80.96
378,1,1,1.0,1.0,-0.6273,84.01
379,1,1,1.0,1.0,-0.6877,73.63
380,1,1,1.0,1.0,-0.698,73.92
381,1,1,1.0,1.0,-0.6979,73.97
382,1,1,1.0,1.0,-0.6892,71.29
383,1,1,1.0,1.0,-0.7019,76.32
384,1,1,1.0,1.0,-0.677,77.41
385,1,1,1.0,1.0,-0.7031,75.73
386,1,1,1.0,1.0,-0.7098,85.22
387,1,1,1.0,1.0,-0.7431,80.92
388,1,1,1.0,1.0,-0.7546,88.59
389,1,1,1.0,1.0,-0.7565,92.75
390,1,1,1.0,1.0,-0.6561,65.6
391,1,1,1.0,1.0,-0.7854,87.55
392,1,1,1.0,1.0,-0.7645,88.36
393,1,1,1.0,1.0,-0.7495,84.36
394,1,1,1.0,1.0,-0.7498,81.02
395,1,1,1.0,1.0,-0.747,94.3
396,1,1,1.0,1.0,-0.7647,72.81
397,1,1,1.0,1.0,-0.7538,82.97
398,1,1,1.0,1.0,-0.7393,85.11
399,1,1,1.0,1.0,-0.7908,81.93
400,1,1,1.0,1.0,-0.813,90.8
401,1,1,1.0,1.0,-0.8274,88.93
402,1,1,1.0,1.0,-0.8375,74.15
403,1,1,1.0,1.0,-0.7619,79.34
404,1,1,1.0,1.0,-0.7429,136.41
405,1,1,1.0,1.0,-0.7791,83.87
406,1,1,1.0,1.0,-0.7687,86.88
407,1,1,1.0,1.0,-0.8019,80.51
408,1,1,1.0,1.0,-0.7856,68.57
409,1,1,1.0,1.0,-0.8156,71.12
410,1,1,1.0,1.0,-0.8014,85.71
411,1,1,1.0,1.0,-0.802,82.16
412,1,1,1.0,1.0,-0.8017,81.19
413,1,1,1.0,1.0,-0.8014,79.56
414,1,1,1.0,1.0,-0.821,89.71
415,1,1,1.0,1.0,-0.8164,83.1
416,1,1,1.0,1.0,-0.7871,75.52
417,1,1,1.0,1.0,-0.7838,82.1
418,1,1,1.0,1.0,-0.8065,75.94
419,1,1,1.0,1.0,-0.8041,80.7
420,1,1,1.0,1.0,-0.7831,89.99
421,1,1,1.0,1.0,-0.8104,93.97
422,1,1,1.0,1.0,-0.7936,71.06
423,1,1,1.0,1.0,-0.8003,94.55
424,1,1,1.0,1.0,-0.7983,66.76
425,1,1,1.0,1.0,-0.8088,75.36
426,1,1,1.0,1.0,-0.7928,75.35
427,1,1,1.0,1.0,-0.8325,72.18
428,1,1,1.0,1.0,-0.7289,76.2
429,1,1,1.0,1.0,-0.8467,84.73
430,1,1,1.0,1.0,-0.794,80.26
431,1,1,1.0,1.0,-0.7834,74.95
432,1,1,1.0,1.0,-0.7716,74.87
433,1,1,1.0,1.0,-0.7826,74.04
434,1,1,1.0,1.0,-0.7716,80.59
435,1,1,1.0,1.0,-0.7708,79.18
436,1,1,1.0,1.0,-0.7774,78.65
437,1,1,1.0,1.0,-0.7886,72.38
438,1,1,1.0,1.0,-0.7935,73.76
439,1,1,1.0,1.0,-0.7767,80.71
440,1,1,1.0,1.0,-0.7886,72.41
441,1,1,1.0,1.0,-0.8113,78.96
442,1,1,1.0,1.0,-0.7235,72.9
443,1,1,1.0,1.0,-0.8174,74.8
444,1,1,1.0,1.0,-0.7914,68.59
445,1,1,1.0,1.0,-0.7985,76.2
446,1,1,1.0,1.0,-0.7828,69.75
447,1,1,1.0,1.0,-0.7906,79.76
448,1,1,1.0,1.0,-0.7923,71.89
449,1,1,1.0,1.0,-0.7951,76.14
450,1,1,1.0,1.0,-0.7919,68.53
451,1,1,1.0,1.0,-0.7997,75.52
452,1,1,1.0,1.0,-0.8107,78.09
453,1,1,1.0,1.0,-0.8048,77.61
454,1,1,1.0,1.0,-0.8373,76.34
455,1,1,1.0,1.0,-0.8313,80.38
456,1,1,1.0,1.0,-0.7967,79.21
457,1,1,1.0,1.0,-0.8104,83.65
458,1,1,1.0,1.0,-0.8091,71.76
459,1,1,1.0,1.0,-0.8018,82.04
460,1,1,1.0,1.0,-0.8073,82.19
461,1,1,1.0,1.0,-0.8084,76.88
462,1,1,1.0,1.0,-0.8104,76.38
463,1,1,1.0,1.0,-0.8087,76.26
464,1,1,1.0,1.0,-0.8092,81.32
465,1,1,1.0,1.0,-0.8291,80.71
466,1,1,1.0,1.0,-0.8146,72.65
467,1,1,1.0,1.0,-0.8082,85.48
468,1,1,1.0,1.0,-0.8919,81.69
469,1,1,1.0,1.0,-0.8298,85.84
470,1,1,1.0,1.0,-0.7983,67.13
471,1,1,1.0,1.0,-0.8478,83.33
472,1,1,1.0,1.0,-0.8293,82.83
473,1,1,1.0,1.0,-0.8334,79.19
474,1,1,1.0,1.0,-0.8413,82.19
475,1,1,1.0,1.0,-0.8532,79.73
476,1,1,1.0,1.0,-0.8541,76.65
477,1,1,1.0,1.0,-0.8581,76.28
478,1,1,1.0,1.0,-0.8544,82.37
479,1,1,1.0,1.0,-0.8692,74.29
480,1,1,1.0,1.0,-0.8448,73.02
481,1,1,1.0,1.0,-0.8761,75.51
482,1,1,1.0,1.0,-0.8748,77.38
483,1,1,1.0,1.0,-0.8656,84.11
484,1,1,1.0,1.0,-0.8644,73.4
485,1,1,1.0,1.0,-0.8912,83.66
486,1,1,1.0,1.0,-0.8915,85.22
487,1,1,1.0,1.0,-0.8851,74.1
488,1,1,1.0,1.0,-0.8775,79.67
489,1,1,1.0,1.0,-0.888,70.89
490,1,1,1.0,1.0,-0.8875,83.83
491,1,1,1.0,1.0,-0.8927,81.8
492,1,1,1.0,1.0,-0.8788,77.87
493,1,1,1.0,1.0,-0.9068,82.24
494,1,1,1.0,1.0,-0.9079,85.04
495,1,1,1.0,1.0,-0.9117,76.51
496,1,1,1.0,1.0,-0.9242,77.22
497,1,1,1.0,1.0,-0.9166,77.24
498,1,1,1.0,1.0,-0.9116,76.44
499,1,1,1.0,1.0,-0.912,85.01
500,1,1,1.0,1.0,-0.9082,66.94
501,1,1,1.0,1.0,-0.9072,74.17
502,1,1,1.0,1.0,-0.9094,74.41
503,1,1,1.0,1.0,-0.9123,74.23
504,1,1,1.0,1.0,-0.9167,78.59
505,1,1,1.0,1.0,-0.9133,77.99
506,1,1,1.0,1.0,-0.9128,67.91
507,1,1,1.0,1.0,-0.9122,89.2
508,1,1,1.0,1.0,-0.9198,65.78
509,1,1,1.0,1.0,-0.9364,73.05
510,1,1,1.0,1.0,-0.9249,71.93
511,1,1,1.0,1.0,-0.9358,82.97
512,1,1,1.0,1.0,-0.9176,80.09
513,1,1,1.0,1.0,-0.911,75.61
514,1,1,1.0,1.0,-0.9221,67.96
515,1,1,1.0,1.0,-0.9294,76.76
516,1,1,1.0,1.0,-0.939,73.76
517,1,1,1.0,1.0,-0.9286,83.81
518,1,1,1.0,1.0,-0.9323,93.91
519,1,1,1.0,1.0,-0.9366,81.74
520,1,1,1.0,1.0,-0.9302,75.61
521,1,1,1.0,1.0,-0.9334,74.46
522,1,1,1.0,1.0,-0.9316,75.03
523,1,1,1.0,1.0,-0.9394,86.91
524,1,1,1.0,1.0,-0.9302,61.88
525,1,1,1.0,1.0,-0.9287,70.52
526,1,1,1.0,1.0,-0.9447,85.99
527,1,1,1.0,1.0,-0.9278,73.78
528,1,1,1.0,1.0,-0.9337,74.1
529,1,1,1.0,1.0,-0.9336,77.83
530,1,1,1.0,1.0,0.0155,74.65
531,1,1,1.0,1.0,0.0127,72.81
532,1,1,1.0,1.0,0.0115,84.56
533,1,1,1.0,1.0,0.0081,78.12
534,1,1,1.0,1.0,0.0103,77.32
535,1,1,1.0,1.0,0.0009,75.87
536,1,1,1.0,1.0,-0.0034,74.24
537,1,1,1.0,1.0,-0.9916,85.21
538,1,1,1.0,1.0,-0.9888,71.89
539,1,1,1.0,1.0,-0.9694,84.48
540,1,1,1.0,1.0,-0.9708,81.11
541,1,1,1.0,1.0,-0.9655,79.98
542,1,1,1.0,1.0,-0.0159,77.88
543,1,1,1.0,1.0,-0.0178,84.2
544,1,1,1.0,1.0,-0.0179,77.63
545,1,1,1.0,1.0,-0.0204,70.84
546,1,1,1.0,1.0,-0.0227,86.1
547,1,1,1.0,1.0,-0.024,75.17
548,1,1,1.0,1.0,-0.0242,81.46
549,1,1,1.0,1.0,-0.0248,74.32
550,1,1,1.0,1.0,-0.9735,70.99
551,1,1,1.0,1.0,-0.9708,88.34
552,1,1,1.0,1.0,-0.9647,77.3
553,1,1,1.0,1.0,-0.9684,77.54
554,1,1,1.0,1.0,-0.9743,81.28
555,1,1,1.0,1.0,-0.9725,88.68
556,1,1,1.0,1.0,-0.0143,81.76
557,1,1,1.0,1.0,-0.0172,85.83
558,1,1,1.0,1.0,-0.0171,81.14
559,1,1,1.0,1.0,-0.0102,79.28
560,1,1,1.0,1.0,-0.0226,80.0
561,1,1,1.0,1.0,-0.0267,80.66
562,1,1,1.0,1.0,-0.03,93.88
563,1,1,1.0,1.0,-0.9795,70.73
564,1,1,1.0,1.0,-0.96,70.46
565,1,1,1.0,1.0,-0.9917,74.08
566,1,1,1.0,1.0,-0.9849,74.08
567,1,1,1.0,1.0,-0.9807,96.03
568,1,1,1.0,1.0,-0.0517,76.78
569,1,1,1.0,1.0,-0.0462,71.76
570,1,1,1.0,1.0,-0.0446,76.87
571,1,1,1.0,1.0,-0.0445,75.01
572,1,1,1.0,1.0,-0.0431,68.94
573,1,1,1.0,1.0,-0.0388,69.82
574,1,1,1.0,1.0,-0.0315,58.93
575,1,1,1.0,1.0,-0.0259,79.82
576,1,1,1.0,1.0,-0.9676,85.22
577,1,1,1.0,1.0,-1.0146,74.39
578,1,1,1.0,1.0,-0.9713,84.3
579,1,1,1.0,1.0,-0.9564,79.07
580,1,1,1.0,1.0,-0.9339,72.81
581,1,1,1.0,1.0,-0.9654,77.46
582,1,1,1.0,1.0,-0.0075,79.9
583,1,1,1.0,1.0,-0.0038,86.4
584,1,1,1.0,1.0,0.001,67.0
585,1,1,1.0,1.0,0.0112,81.26
586,1,1,1.0,1.0,0.0168,85.68
587,1,1,1.0,1.0,0.0202,70.75
588,1,1,1.0,1.0,0.0164,73.92
589,1,1,1.0,1.0,0.0254,85.05
590,1,1,1.0,1.0,-0.9389,71.27
591,1,1,1.0,1.0,-0.922,90.02
592,1,1,1.0,1.0,-0.8734,77.32
593,1,1,1.0,1.0,-0.8854,77.54
594,1,1,1.0,1.0,-0.937,76.01
595,1,1,1.0,1.0,-0.8814,86.7
596,1,1,1.0,1.0,-0.8822,75.57
597,1,1,1.0,1.0,-0.8813,79.67
598,1,1,1.0,1.0,-0.8923,72.4
599,1,1,1.0,1.0,-0.88,77.78
600,1,1,1.0,1.0,-0.8834,74.04
601,1,1,1.0,1.0,-0.8754,76.15
602,1,1,1.0,1.0,-0.8784,74.51
603,1,1,1.0,1.0,-0.8748,82.76
604,1,1,1.0,1.0,-0.9085,76.77
605,1,1,1.0,1.0,-0.8906,75.71
606,1,1,1.0,1.0,-0.9289,84.92
607,1,1,1.0,1.0,-0.8801,76.46
608,1,1,1.0,1.0,-0.9028,80.68
609,1,1,1.0,1.0,-0.8899,87.61
610,1,1,1.0,1.0,-0.8907,60.81
611,1,1,1.0,1.0,-0.8857,79.89
612,1,1,1.0,1.0,-0.895,70.16
613,1,1,1.0,1.0,-0.8753,85.34
614,1,1,1.0,1.0,-0.8904,77.32
615,1,1,1.0,1.0,-0.8913,85.07
616,1,1,1.0,1.0,-0.888,83.84
617,1,1,1.0,1.0,-0.8573,94.37
618,1,1,1.0,1.0,-0.8841,84.3
619,1,1,1.0,1.0,-0.8545,83.21
620,1,1,1.0,1.0,-0.8807,80.43
621,1,1,1.0,1.0,-0.8807,73.38
622,1,1,1.0,1.0,-0.8744,84.59
623,1,1,1.0,1.0,-0.8947,90.75
624,1,1,1.0,1.0,-0.9004,69.61
625,1,1,1.0,1.0,-0.9,84.02
626,1,1,1.0,1.0,-0.882,77.88
627,1,1,1.0,1.0,-0.891,76.87
628,1,1,1.0,1.0,-0.8993,80.7
629,1,1,1.0,1.0,-0.8672,86.0
630,1,1,1.0,1.0,-0.9284,74.87
631,1,1,1.0,1.0,-0.9186,82.89
632,1,1,1.0,1.0,-0.9451,83.65
633,1,1,1.0,1.0,-0.9357,90.16
634,1,1,1.0,1.0,-0.935,77.96
635,1,1,1.0,1.0,-0.0353,78.03
636,1,1,1.0,1.0,-0.0221,77.99
637,1,1,1.0,1.0,-0.0333,81.2
638,1,1,1.0,1.0,-0.0394,80.43
639,1,1,1.0,1.0,-0.0449,75.03
640,1,1,1.0,1.0,-0.0467,75.84
641,1,1,1.0,1.0,-0.0493,86.99
642,1,1,1.0,1.0,-0.0503,80.2
643,1,1,1.0,1.0,-0.0464,77.18
644,1,1,1.0,1.0,-0.9383,71.83
645,1,1,1.0,1.0,-0.9482,82.52
646,1,1,1.0,1.0,-0.942,78.64
647,1,1,1.0,1.0,-0.0577,72.68
648,1,1,1.0,1.0,-0.0599,61.22
649,1,1,1.0,1.0,-0.0601,68.31
650,1,1,1.0,1.0,-0.0661,66.87
651,1,1,1.0,1.0,-0.0678,74.4
652,1,1,1.0,1.0,-0.0685,78.29
653,1,1,1.0,1.0,-0.0725,84.81
654,1,1,1.0,1.0,-0.0767,78.59
655,1,1,1.0,1.0,-0.0788,71.23
656,1,1,1.0,1.0,-0.9795,80.26
657,1,1,1.0,1.0,-0.9848,77.59
658,1,1,1.0,1.0,-0.985,86.14
659,1,1,1.0,1.0,-0.0844,69.1
660,1,1,1.0,1.0,-0.0794,73.23
661,1,1,1.0,1.0,-0.0843,78.59
662,1,1,1.0,1.0,-0.0854,74.69
663,1,1,1.0,1.0,-0.0874,82.06
664,1,1,1.0,1.0,-0.0886,87.36
665,1,1,1.0,1.0,-0.091,77.84
666,1,1,1.0,1.0,-0.0908,76.6
667,1,1,1.0,1.0,-0.091,76.51
668,1,1,1.0,1.0,-0.0916,79.45
669,1,1,1.0,1.0,-0.0902,83.51
670,1,1,1.0,1.0,-0.9818,79.16
671,1,1,1.0,1.0,-0.9755,82.81
672,1,1,1.0,1.0,-0.976,72.2
673,1,1,1.0,1.0,-0.9727,69.67
674,1,1,1.0,1.0,-0.0739,79.06
